ID,Time,Air,Tricks,Speed,Points
Speed0,13.5199995040894,0,0,65,20
Wall0,19.9599990844727,0,0,60,25
Wall0,22.1199989318848,1,0,58,25