{
    "Items": [
        {
            "Points": 203,
            "numTotal": 3,
            "typeID": 0,
            "levelID": 0,
            "Preference": 8,
            "avgStats": [
                67.66666412353516,
                54.33333206176758,
                6.333333492279053,
                61.66666793823242
            ],
            "Stats": [
                62,
                51,
                2,
                45,
                52,
                99,
                78,
                16,
                57,
                99,
                188,
                56,
                1,
                61,
                52
            ]
        },
        {
            "Points": 154,
            "numTotal": 5,
            "typeID": 0,
            "levelID": 1,
            "Preference": 19,
            "avgStats": [
                38.5,
                41.5,
                0.75,
                73.5
            ],
            "Stats": [
                111,
                69,
                0,
                51,
                64,
                124,
                74,
                3,
                12,
                0,
                132,
                73,
                0,
                56,
                40,
                139,
                78,
                0,
                47,
                50
            ]
        },
        {
            "Points": 0,
            "numTotal": 0,
            "typeID": 0,
            "levelID": 2,
            "Preference": 5,
            "avgStats": [
                0,
                0,
                0,
                0
            ],
            "Stats": []
        },
        {
            "Points": 308,
            "numTotal": 16,
            "typeID": 1,
            "levelID": 0,
            "Preference": 38,
            "avgStats": [
                22,
                69.28571319580078,
                2.785714626312256,
                45
            ],
            "Stats": [
                25,
                0,
                0,
                64,
                20,
                29,
                0,
                0,
                72,
                0,
                54,
                0,
                0,
                65,
                20,
                95,
                0,
                0,
                84,
                20,
                113,
                0,
                0,
                80,
                0,
                119,
                88,
                6,
                42,
                20,
                148,
                163,
                27,
                43,
                40,
                165,
                195,
                2,
                56,
                20,
                196,
                184,
                4,
                51,
                108,
                202,
                0,
                0,
                50,
                0,
                203,
                0,
                0,
                90,
                20,
                204,
                0,
                0,
                92,
                20,
                206,
                0,
                0,
                91,
                0,
                208,
                0,
                0,
                90,
                20
            ]
        },
        {
            "Points": 0,
            "numTotal": 0,
            "typeID": 1,
            "levelID": 1,
            "Preference": 3,
            "avgStats": [
                0,
                0,
                0,
                0
            ],
            "Stats": []
        },
        {
            "Points": 0,
            "numTotal": 0,
            "typeID": 1,
            "levelID": 2,
            "Preference": 5,
            "avgStats": [
                0,
                0,
                0,
                0
            ],
            "Stats": []
        },
        {
            "Points": 216,
            "numTotal": 6,
            "typeID": 2,
            "levelID": 0,
            "Preference": 20,
            "avgStats": [
                36,
                49,
                0.3333333432674408,
                50.833335876464847
            ],
            "Stats": [
                40,
                50,
                0,
                55,
                25,
                43,
                56,
                1,
                25,
                52,
                47,
                62,
                0,
                45,
                42,
                74,
                57,
                1,
                40,
                52,
                77,
                56,
                0,
                43,
                15,
                210,
                24,
                0,
                86,
                30
            ]
        },
        {
            "Points": 0,
            "numTotal": 0,
            "typeID": 2,
            "levelID": 1,
            "Preference": 3,
            "avgStats": [
                0,
                0,
                0,
                0
            ],
            "Stats": []
        },
        {
            "Points": 0,
            "numTotal": 1,
            "typeID": 2,
            "levelID": 2,
            "Preference": 5,
            "avgStats": [
                0,
                0,
                0,
                0
            ],
            "Stats": []
        },
        {
            "Points": 326,
            "numTotal": 11,
            "typeID": 3,
            "levelID": 0,
            "Preference": 32,
            "avgStats": [
                29.636362075805665,
                55.90909194946289,
                0.27272728085517886,
                18.636362075805665
            ],
            "Stats": [
                33,
                1,
                0,
                63,
                25,
                48,
                0,
                0,
                47,
                25,
                58,
                1,
                0,
                68,
                25,
                65,
                68,
                1,
                26,
                44,
                70,
                69,
                2,
                26,
                47,
                89,
                60,
                0,
                52,
                35,
                141,
                3,
                0,
                67,
                25,
                153,
                0,
                0,
                63,
                25,
                158,
                2,
                0,
                73,
                25,
                171,
                0,
                0,
                57,
                25,
                182,
                1,
                0,
                73,
                25
            ]
        },
        {
            "Points": 50,
            "numTotal": 3,
            "typeID": 3,
            "levelID": 1,
            "Preference": 73,
            "avgStats": [
                25,
                68.5,
                0.5,
                32.5
            ],
            "Stats": [
                173,
                45,
                1,
                54,
                50,
                180,
                20,
                0,
                83,
                0
            ]
        },
        {
            "Points": 354,
            "numTotal": 5,
            "typeID": 3,
            "levelID": 2,
            "Preference": 82,
            "avgStats": [
                88.5,
                41.25,
                2.25,
                64.75
            ],